block_number,netuid,parameter,old_value,new_value
5875004,27,discord,https://discord.com/invite/neural-internet,https://discord.com/invite/neuralinternet
5874704,39,subnet_name,íÜú·¥°.·¥Ä…™‚é´íÄ≠ÍôÆíÄ≠‚éß ô·¥ÄÍú±…™ ü…™·¥Ñ·¥ÄíÜú,·¥°.·¥Ä…™ ‚ßâ‚ñë‚ßâ ‚ü®ìÅπÍôÆìÅπ‚ü© ·¥è·¥ò·¥á…¥ ‚ñììÇÄ‚ñì ·¥õ ú·¥á ‚ü™‚àûÍôÆ‚àû‚ü´ …¢·¥Ä·¥õ·¥á ‚ñëìäñ‚ñë ·¥õ·¥è ‚ü¶ìèè‚®äìèè‚üß …™…¥“ì…™…¥…™·¥õ·¥á ‚ñêìÅø‚ñå ·¥ç…™…¥·¥Ö ‚ßâ‚ñì‚ßâ
5868104,39,subnet_name,·¥°.·¥Ä…™ ‚ßâ‚ñë‚ßâ ‚ü®ìÅπÍôÆìÅπ‚ü© ·¥è·¥ò·¥á…¥ ‚ñììÇÄ‚ñì ·¥õ ú·¥á ‚ü™‚àûÍôÆ‚àû‚ü´ …¢·¥Ä·¥õ·¥á ‚ñëìäñ‚ñë ·¥õ·¥è ‚ü¶ìèè‚®äìèè‚üß …™…¥“ì…™…¥…™·¥õ·¥á ‚ñêìÅø‚ñå ·¥ç…™…¥·¥Ö ‚ßâ‚ñì‚ßâ,w.ai (also shoutout Kat truly goated community manager)
5867404,39,subnet_name,w.ai (also shoutout Kat truly goated community manager),w.ai (shoutout Keith & Ala u guys are real ones)
5866804,39,subnet_name,w.ai (shoutout Keith & Ala u guys are real ones),w.ai (THE NEXT CHAPTER)
5860104,39,subnet_name,w.ai (THE NEXT CHAPTER),w.ai (Parked)
5858704,124,description,autonomous drone flight,autonomous qudrone flight
5851904,88,subnet_name,Investing,SœÑŒ±king
5851904,88,github_repo,https://github.com/mobiusfund/investing,https://github.com/mobiusfund/staking
5851904,88,subnet_url,https://Investing88.ai,https://stakingalpha.com
5851904,88,description,DeFAI powered AUM,Optimizing staking strategies
5850804,124,subnet_name,Swarm,brahmi_aa
5850804,124,github_repo,https://github.com/swarm-subnet/swarm,
5850804,124,subnet_contact,miguel@btlabs.ai,
5850804,124,subnet_url,,
5850804,124,discord,,
5850804,124,description,autonomous qudrone flight,
5845204,63,owner_coldkey,5CqTmNfgDchxULD1bfoz8jvj9rDYSoq76kiq98oBUUEDpWqX,5GmpedVP2r9haksUBD743wek8t89jMz96RTkV2zkVdRR4e1B
5840104,73,owner_coldkey,5EWdfGjSKJ9jP6GH427s6Nj4jjhUTxaenExHH433eFi8wJ3J,5EcoXMiYuoPEkFa2daL77dTnbyedEkWiNYJjiywKozBjodf3
5828604,65,owner_coldkey,5GxEEHxLWpvcAGghL8LG7xNjrxZk4SEPW1VT43hGPZ2TP9mZ,5CDXThRKgdmheYEPY3rh5gtKbsu9kVDiGCzZs34sqBghfoZg
5824204,113,owner_hotkey,5ENZDaXKPsDoYDzvsayT1LVMY9RwV8JtBKXmpLsBEC9uU2m6,5DJ83LqfhSYeqhcEMLcMYZB2jJygCNRdtv1ZRLSBFmWwsbCF
5809804,106,description,Multi-chain liquidity protocol enabling interoperability for Bittensor by leveraging Chainlink CCIP,Multi-chain Liquidity Protocol enabling Interopability for Bittensor by leveraging Chainlink CCIP
5809204,63,subnet_name,Quantum,Alpha Trader Exchange (ATX)
5809204,63,github_repo,https://github.com/qbittensor-labs/qbittensor,https://github.com/Nickel5-Inc/alpha-trader-exchange/blob/main/README.md
5809204,63,subnet_url,www.qbittensorlabs.com,www.alphatraderexchange.com
5809204,63,discord,qbittensorlabs,@alphatraderexchange
5809204,63,description,quantum on bittensor launching soon,Incentivized trading on Bittensor
5809004,106,description,Multi-chain Liquidity Protocol enabling Interopability for Bittensor by leveraging Chainlink CCIP,Cross-chain Bridge connecting Bittensor and Solana
5805504,90,github_repo,https://github.com/degenpredict/bittensor-subnet-90-brain,https://github.com/frkrueger/bittensor-brain-subnet
5805504,90,subnet_url,https://subnet90.com,
5805504,90,description,Decentralized Truth Verification for Prediction Markets,
5797004,47,owner_hotkey,5D5Yw1NzfxLDQDP8D9jthkTNnJRKBfKSRTwnVBvg6RQymonx,5CS2niAKFcmvE3i2Lb9ukR66Enkn26ygievde3dMepJ9ha9x
5792704,16,subnet_name,HashTensor,BitAds
5792704,16,github_repo,https://github.com/HashTensor/HashTensor_Subnet,https://github.com/eseckft/BitAds.ai
5792704,16,subnet_url,https://hashtensor.com,https://bitads.ai/
5792704,16,discord,7ksian,eseck
5792704,16,description,HashTensor‚Äôs mission is to create the most profitable crypto mining opportunities by incentivizing miners to contribute hashrate to our pools. Miners earn dual rewards and drive value back into the Alpha token through buybacks and burns.,Revolutionizing the online marketing landscape through the power of decentralization.
5787904,16,owner_coldkey,5HGvv62eWd6BUXM8HaJPMguzNragaJMfLTENYBCcDrgsSAFb,5DnhT8EDV3ufCVHHfi7GFD4Z93MKNwWPwVZqh5o7UPYuwn6d
5780704,47,owner_coldkey,5CLyhrqcMHvrpzHDHpmn71qy1AEdrRzfyW9n3Kne8dnQB3du,5ENecAuky2xq8n73RPEFyPMCedssm6qwQHVbgZtuoYv6cxZu
5760104,111,subnet_name,oneoneone,io
5760104,111,github_repo,https://github.com/oneoneone-io/subnet-111,
5760104,111,subnet_contact,support@oneoneone.io,
5760104,111,subnet_url,https://oneoneone.io,
5760104,111,discord,stux_one,
5760104,111,description,A decentralized protocol for open-source intelligence,
5757704,89,subnet_name,InfiniteVibe.ai,berkanan
5757704,89,github_repo,https://github.com/Delta-Compute/infinitevibe,https://github.com/Delta-Compute/QuantSubnet
5757704,89,subnet_contact,hello@infinitevibe.ai,
5757704,89,subnet_url,InfiniteVibe.ai / TensorFlix.ai,
5757704,89,description,AI Video Lab,
5751404,54,owner_hotkey,5DUB7kNLvvx8Dj7D8tn54N1C7Xok6GodNPQE2WECCaL9Wgpr,5GENieJS4p6oKVPbDoXhAo46E38hxR7MxvbgMpJE4bf6xCb3
5751404,54,subnet_name,Yanez MIID,Unknown
5751404,54,github_repo,https://github.com/yanez-compliance/MIID-subnet,
5751404,54,subnet_contact,jose@yanezcompliance.com,
5751404,54,subnet_url,www.yanez.ai,
5751404,54,discord,https://discord.com/channels/799672011265015819/1351934165964296232,
5751404,54,description,generates synthetic identities that can be used to test and train anti-fraud models and identity recognition algorithms.,
5750504,54,subnet_name,Unknown,WebGenieAI
5750504,54,github_repo,,https://github.com/web-genie-ai/web-genie-ai
5750504,54,subnet_contact,,sangar@webgenieai.co
5750504,54,subnet_url,,https://webgenieai.co
5750504,54,discord,,sangar1028_72796
5750504,54,description,,Transform text prompts/sketches/images into websites using AI
5744504,50,subnet_url,https://synthdata.co,
5744504,50,description,Predictive intelligence for financial markets and beyond.,
5738404,112,owner_coldkey,5D7Rf7HbeE7ti49fyLg3TM3F96uWFUwzYBo9SkzBpAUTQMhM,5D78M1koYkWe3sknQ1NANbTu1vcRsWtmWAEcvCvQJhJoZmxN
5737104,27,subnet_name,Neural Internet,NeuralInternet
5736104,27,subnet_name,NeuralInternet,NI Compute
5736104,27,description,Decentralized Compute Network,Decentralized Cloud Platform
5736104,106,subnet_name,VoidAI,Liquidity Provisioning
5736104,106,description,Cross-chain Bridge connecting Bittensor and Solana,Incentivized Liquidity Provisioning on Solana
5709704,113,owner_hotkey,5DJ83LqfhSYeqhcEMLcMYZB2jJygCNRdtv1ZRLSBFmWwsbCF,5CqvqAL3GTFGu4tAv5tpLXYJuoP1tWhskYfGqnjghjwecvEA
5703904,116,discord,https://discord.com/channels/799672011265015819/1379496997752410172,wtmp
5700304,116,github_repo,https://github.com/solmev/a,https://github.com/solanamev/a
5697504,47,subnet_name,for sale,Condenses.ai
5693504,102,subnet_name,for sale,zen
5690404,80,description,AI research community within Bittensor,Specialized AI Development Subnet
5687104,35,owner_coldkey,5GmWJkzKAErRpS3AHyj7uJLzETG9Ed7VVCMr7rmha9YkMR6X,5EsmkLf4VnpgNM31syMjAWsUrQdW2Yu5xzWbv6oDQydP9vVx
5686904,27,description,Decentralized Cloud Platform,Transforming AI compute power into a digital commodity
5686204,106,description,Incentivized Liquidity Provisioning on Solana,Incentivized Liquidity Provisioning at Scale
5673204,65,owner_coldkey,5CDXThRKgdmheYEPY3rh5gtKbsu9kVDiGCzZs34sqBghfoZg,5C8UAnEkWyuDTMysj3Hg3n2q787R6xvvcqvV5x4bujEWGRgE
5671704,114,subnet_name,–Ñclipse Project,ie
5671704,114,github_repo,,
5671704,114,subnet_contact,,
5671704,114,subnet_url,,
5671704,114,discord,,
5671704,114,description,Codename: –Ñclipse Project,
5659004,1,subnet_name,Apex,apex
5659004,2,subnet_name,omron ü•©,omron
5659004,3,subnet_name,œÑemplar,templar
5659004,4,subnet_name,Targon,targon
5659004,5,subnet_name,OpenKaito,kaito
5659004,6,subnet_name,Infinite Games,infinite
5659004,7,subnet_name,SubVortex,subvortex
5659004,8,subnet_name,Proprietary Trading Network,ptn
5659004,9,subnet_name,iota,pretrain
5659004,10,subnet_name,Sturdy,sturdy
5659004,11,subnet_name,Dippy,dippy
5659004,12,subnet_name,Compute Horde,horde
5659004,13,subnet_name,Data Universe,dataverse
5659004,14,subnet_name,TAOHash,palaidn
5659004,15,subnet_name,Unknown,deval
5659004,16,subnet_name,BitAds,bitads
5659004,17,subnet_name,404‚ÄîGEN,3gen
5659004,18,subnet_name,Zeus,cortex
5659004,19,subnet_name,Nineteen.ai,inference
5659004,20,subnet_name,BitAgent - Rizzo,bitagent
5659004,21,subnet_name,OMEGA Any-to-Any,any-any
5659004,22,subnet_name,Desearch,meta
5659004,23,subnet_name,Nuance,social
5659004,24,subnet_name,OMEGA Labs,omega
5659004,25,subnet_name,Mainframe,protein
5659004,26,subnet_name,Storb,alchemy
5659004,27,subnet_name,NI Compute,compute
5659004,29,subnet_name,Coldint,coldint
5659004,30,subnet_name,Bettensor,bet
5659004,31,subnet_name,CANDLES,naschain
5659004,32,subnet_name,ItsAI,itsai
5659004,33,subnet_name,ReadyAI,ready
5659004,34,subnet_name,BitMind,mind
5659004,35,subnet_name,LogicNet,logic
5659004,36,subnet_name,Web Agents - Autoppia,automata
5659004,37,subnet_name,Finetuning,tuning
5659004,38,subnet_name,Distributed Training,distributed
5659004,39,subnet_name,w.ai (Parked),edge
5659004,40,subnet_name,Chunking,chunk
5659004,41,subnet_name,SPORTSTENSOR,sportsensor
5659004,42,subnet_name,Real-Time Data by Masa,masa
5659004,43,subnet_name,Graphite,graphite
5659004,44,subnet_name,Score,score
5659004,45,subnet_name,SWE - Rizzo,gen42
5659004,46,subnet_name,Neural3D,neural
5659004,47,subnet_name,Condenses.ai,condense
5659004,48,subnet_name,NextPlace,nextplace
5659004,49,subnet_name,polariscloud.ai,automl
5659004,50,subnet_name,Synth,audio
5659004,51,subnet_name,Celium,celium
5659004,52,subnet_name,Dojo,dojo
5659004,53,subnet_name,EfficientFrontier,frontier
5659004,54,subnet_name,WebGenieAI,safescan
5659004,55,subnet_name,Precog,unknown
5659004,56,subnet_name,Gradients,gradients
5659004,57,subnet_name,Gaia,gaia
5659004,58,subnet_name,Dippy Speech,dippy-speach
5659004,59,subnet_name,Agent Arena by Masa,agent-arena
5659004,60,subnet_name,Bitsec.ai,unknown
5659004,61,subnet_name,RedTeam,red team
5659004,62,subnet_name,Ridges AI,agentao
5659004,63,subnet_name,Alpha Trader Exchange (ATX),lean-in
5659004,64,subnet_name,Chutes,chutes
5659004,65,subnet_name,TAO Private Network,sad
5659004,66,subnet_name,FakeNews,dad
5659004,68,subnet_name,NOVA,dha
5659004,70,subnet_name,Vericore,ghayn
5659004,72,subnet_name,StreetVision by NATIX,qaf
5659004,73,subnet_name,merit,kaf
5659004,75,subnet_name,Hippius,mim
5659004,76,subnet_name,Safe Scan,nun
5659004,77,subnet_name,Liquidity,ha
5659004,79,subnet_name,œÑaos,ya
5659004,80,subnet_name,AI Factory,alef
5659004,81,subnet_name,Patrol (TAO.com),fehu
5659004,84,subnet_name,Docs-Insights (TaœÑsu),ansuz
5659004,85,subnet_name,Vidaio,raidho
5659004,86,subnet_name,MIAO,kaunan
5659004,87,subnet_name,CheckerChain,cyr_yeru
5659004,88,subnet_name,SœÑŒ±king,algiz
5659004,90,subnet_name,brain,ogham
5659004,91,subnet_name,tensorprox,beith
5659004,92,subnet_name,ReinforcedAI,luis
5659004,93,subnet_name,Bitcast,fearn
5659004,94,subnet_name,Eastworld,sail
5659004,96,subnet_name,FLock OFF,forfeda
5659004,97,subnet_name,FlameWire üî•,ani
5659004,98,subnet_name,Creator,bani
5659004,99,subnet_name,Algo,gani
5659004,100,subnet_name,Signal,doni
5659004,102,subnet_name,zen,vini
5659004,105,subnet_name,SoundsRight,gim
5659004,106,subnet_name,Liquidity Provisioning,da
5659004,107,subnet_name,Tiger Alpha,ech
5659004,108,subnet_name,Internet of Intelligence,za
5659004,109,subnet_name,Si,armeni
5659004,112,subnet_name,TopSecret,dje
5659004,113,subnet_name,taonado,gje
5654404,108,github_repo,,
5654404,108,subnet_contact,,
5654404,108,subnet_url,,
5654404,108,discord,,
5654404,108,description,,
5654404,109,github_repo,,
5654404,109,subnet_contact,,
5654404,109,subnet_url,,
5654404,109,discord,,
5654404,109,description,,
5651004,72,github_repo,https://github.com/natixnetwork/streetvision-subnet,https://github.com/natixnetwork/streetvision-subnet/tree/natix-subnet
5650404,9,subnet_url,https://iota.macrocosmos.ai,https://www.macrocosmos.ai/sn9
5650104,72,github_repo,https://github.com/natixnetwork/streetvision-subnet/tree/natix-subnet,
5650104,72,subnet_contact,,
5650104,72,subnet_url,https://www.natix.network/?utm_source=bittensor,
5650104,72,discord,,
5650104,72,description,"Powered by NATIX‚Äôs Internet of Cameras, StreetVision is advancing autonomous driving, Physical AI, and map-making.",
5648804,36,description,Web Agents that complete tasks in the browser,
5616804,31,owner_coldkey,5GeRN2PttXsNJ75d7Q4e5G5V35EUqBBuLeaACgEGyPUZdikr,5CwLjwPdkwM9Rhia5VA5WSDVsL5FKWH24j5Tb96WnuUnqcst
5611104,68,subnet_url,https://www.metanova-labs.ai/,https://www.metanova-labs.com/
5608804,44,owner_coldkey,5CaCekuxb9pKQyLoxh3jbkEXig8fxjkeS4AQ6UmZa12xfQ9H,5FsREvyUXSZWYRqVyQLDdpYmZZPnkhZyW6HjooozKP1nQkwu
5594604,97,discord,https://discord.com/invite/SxCfXeSs8j,https://discord.gg/saRDNs7bgt
5594504,97,discord,https://discord.gg/saRDNs7bgt,https://discord.gg/MC82EYzejN
5593204,47,owner_coldkey,5ENecAuky2xq8n73RPEFyPMCedssm6qwQHVbgZtuoYv6cxZu,5CS2niAKFcmvE3i2Lb9ukR66Enkn26ygievde3dMepJ9ha9x
5589104,62,github_repo,https://github.com/ridgesai/ridges,https://github.com/taoagents/agentao
5589104,62,subnet_contact,hobbleabbas@gmail.com,-
5589104,62,subnet_url,https://www.ridges.ai/,https://taoagents.ai/
5589104,62,discord,https://discord.com/channels/799672011265015819/1320812830735339580,-
5589104,62,description,Fully Autonomous AI Software Agents,The next generation of AI agents
5582204,97,discord,https://discord.gg/MC82EYzejN,https://discord.gg/MAygdJr79j
5573804,65,subnet_url,https://tpn.taofu.xyz/,
5573804,65,discord,https://discord.gg/GRVZyPYd6G,
5573804,65,description,Developer-friendly Decentralised VPN infrastructure.,TPN turns global VPN tunnels into a decentralized digital commodity.
5570404,7,owner_hotkey,5EhJtTLTS8yrcStrcdBrynUmZHf8dmjFtNdoELyjETJXAmSr,5CiQ1cxLB1ABBJyf9FAR8CRhfcKgs4M8QaRgmHh318PKLqvb
5567204,31,subnet_url,https://candlestao.com/,https://x.com/candlestao
5556804,79,github_repo,https://github.com/taos-im/sn-79,
5556804,79,subnet_contact,to@taos.im,
5556804,79,subnet_url,https://taos.im,
5556804,79,discord,https://discord.com/channels/799672011265015819/1353733356470276096,
5552804,54,owner_coldkey,5HHDxJdhFr7gcAjBu8K7GqrtaBwDPG72voXWpiVcrLN8X7zE,5GENieJS4p6oKVPbDoXhAo46E38hxR7MxvbgMpJE4bf6xCb3
5538604,5,owner_hotkey,5CFmgJ2SQZBjgdyDvwsWhAQatEENLt6k2gWvpkjeHeMm95yv,5GZ2KuT2TtLbYTtsMcgAtazo6KQ4bc57ykZgyQv9oit3y7iq
5538504,5,owner_hotkey,5GZ2KuT2TtLbYTtsMcgAtazo6KQ4bc57ykZgyQv9oit3y7iq,5CFmgJ2SQZBjgdyDvwsWhAQatEENLt6k2gWvpkjeHeMm95yv
5523704,62,owner_coldkey,5F1uxPLnv9uZqUCVHpwirnUNoybiEKuAAoJe5pv4rEHbJy1N,5GTXD3N7fjnpbZ3j3k7qNapyqugiELWyus3UZy5DPK2Bs4jP
5510304,97,subnet_url,https://flamewire.io,
5510304,97,description,"FlameWire is a decentralized multi-chain infrastructure that provides global RPC/API access while preserving core crypto principles such as decentralization, availability and censorship resistance.",Launching soon.
5509104,1,github_repo,https://github.com/macrocosm-os/apex,https://github.com/macrocosm-os/prompting
5501304,11,subnet_url,https://dippy.ai,https://bittensor.dippy.ai/play
5499904,65,github_repo,https://github.com/beyond-stake/tpn-subnet,
5499904,65,description,TPN turns global VPN tunnels into a decentralized digital commodity.,
5492104,5,owner_coldkey,5GurNtB3yQFCh6CSmfH7LrYJDsvzup4diHZiaYtKe274nrMX,5CFmgJ2SQZBjgdyDvwsWhAQatEENLt6k2gWvpkjeHeMm95yv
5491404,85,github_repo,https://github.com/vidaio-subnet/vidaio-subnet,
5491404,85,subnet_url,https://vidaio.io/,
5491404,85,description,Video Compression & Upscaling with AI,
5487904,28,owner_coldkey,5GKYVYof1CbEuNcnBSa2wXx3rs5StYYVBPdg8C5CQ8MifCBc,5Ca8L8PkbqXUtzohKtSM3i1naGQxANGLx51kJsEPNB14Admz
5482504,97,discord,https://discord.gg/MAygdJr79j,
5482504,97,description,Launching soon.,LOADING
5479204,96,github_repo,https://github.com/FLock-io/FLock-subnet,
5479204,96,subnet_contact,off@flock.io,
5479204,96,subnet_url,off.flock.io,
5479204,96,discord,https://discord.com/channels/799672011265015819/1364655778149171250,
5479204,96,description,Federated Learning network for small language models on edge devices,
5479104,15,github_repo,,https://github.com/deval-core/De-Val
5479104,15,subnet_contact,,info@de-val.ai
5479104,15,subnet_url,,www.de-val.ai
5479104,15,description,,Developing open-source Evaluation models for generative AI
5478204,93,github_repo,https://github.com/bitcast-network/bitcast,
5468604,32,subnet_contact,support@its-ai.org,help@its-ai.org
5468604,32,description,The most accurate AI detector in the world,AI Detector: Bittensor & decentralised AI - top performance.
5466704,25,github_repo,https://github.com/macrocosm-os/mainframe,https://github.com/macrocosm-os/folding
5466704,25,subnet_contact,brian@macrocosmos.ai,support@macrocosmos.ai
5466704,25,discord,mccrinbc,macrocrux
5466704,25,description,Generalized scientific compute,Protein folding and drug discovery
5463304,86,github_repo,https://github.com/MIAOAI-Subnet/MIAOAI_SUBNET,
5463304,86,subnet_contact,miao@miao99.com,
5463304,86,subnet_url,,
5463304,86,discord,https://discord.gg/wJxpfSxz,
5463304,86,description,"MIAOAI is a Sound Recognition AI subnet dedicated to creating and interacting with audio content, fostering a playful and entertaining decentralized community.",
5463004,22,owner_coldkey,5DFuaMasyQtPhXcsuoYEyJmCVSRtzKxsTKFTA4SrpcGXBxJn,5HZ3rviPkBERT9H5dE5km4hML1PCyjLo5yX8B3Y4fvamBwxw
5459304,80,subnet_url,https://www.aifact.io/,
5458804,14,owner_hotkey,5Cf4LPRv6tiyuFsfLRQaFYEEn3zJRGi4bAE9DwbbKmbCSHpV,5F1j1caBaKNtpNQMXcgXKSYU9q3Tu8qHg7AE5dvBKDwe27W1
5458804,31,subnet_url,https://x.com/candlestao,https://x.com/NullUntilBoot
5458804,31,description,Market sentiment prediction via mining and gamified pools.,What is Wisdom Of Crowds?
